datetime,price
2025-05-24 16:40:00,17400
2025-05-24 16:40:03,17400
2025-05-24 16:40:06,17400
2025-05-24 16:40:09,17400
2025-05-24 16:40:12,17400
2025-05-24 16:40:15,17400
2025-05-24 16:40:18,17400
2025-05-24 16:40:21,17400
2025-05-24 16:40:24,17400
2025-05-24 16:40:27,17400
2025-05-24 16:40:30,17400
2025-05-24 16:40:33,17400
2025-05-24 16:40:36,17400
2025-05-24 16:40:39,17400
2025-05-24 16:40:42,17400
2025-05-24 16:40:45,17400
2025-05-24 16:40:48,17400
2025-05-24 16:40:51,17400
2025-05-24 16:40:54,17400
2025-05-24 16:40:57,17400
2025-05-24 16:41:00,17410
2025-05-24 16:41:03,17410
2025-05-24 16:41:06,17410
2025-05-24 16:41:09,17410
2025-05-24 16:41:12,17410
2025-05-24 16:41:15,17410
2025-05-24 16:41:18,17410
2025-05-24 16:41:21,17410
2025-05-24 16:41:24,17410
2025-05-24 16:41:27,17410
2025-05-24 16:41:30,17410
2025-05-24 16:41:33,17410
2025-05-24 16:41:36,17410
2025-05-24 16:41:39,17410
2025-05-24 16:41:42,17410
2025-05-24 16:41:45,17410
2025-05-24 16:41:48,17410
2025-05-24 16:41:51,17410
2025-05-24 16:41:54,17410
2025-05-24 16:41:57,17410
2025-05-24 16:42:00,17420
2025-05-24 16:42:03,17420
2025-05-24 16:42:06,17420
2025-05-24 16:42:09,17420
2025-05-24 16:42:12,17420
2025-05-24 16:42:15,17420
2025-05-24 16:42:18,17420
2025-05-24 16:42:21,17420
2025-05-24 16:42:24,17420
2025-05-24 16:42:27,17420
2025-05-24 16:42:30,17420
2025-05-24 16:42:33,17420
2025-05-24 16:42:36,17420
2025-05-24 16:42:39,17420
2025-05-24 16:42:42,17420
2025-05-24 16:42:45,17420
2025-05-24 16:42:48,17420
2025-05-24 16:42:51,17420
2025-05-24 16:42:54,17420
2025-05-24 16:42:57,17420
2025-05-24 16:43:00,17430
2025-05-24 16:43:03,17430
2025-05-24 16:43:06,17430
2025-05-24 16:43:09,17430
2025-05-24 16:43:12,17430
2025-05-24 16:43:15,17430
2025-05-24 16:43:18,17430
2025-05-24 16:43:21,17430
2025-05-24 16:43:24,17430
2025-05-24 16:43:27,17430
2025-05-24 16:43:30,17430
2025-05-24 16:43:33,17430
2025-05-24 16:43:36,17430
2025-05-24 16:43:39,17430
2025-05-24 16:43:42,17430
2025-05-24 16:43:45,17430
2025-05-24 16:43:48,17430
2025-05-24 16:43:51,17430
2025-05-24 16:43:54,17430
2025-05-24 16:43:57,17430
2025-05-24 16:44:00,17440
2025-05-24 16:44:03,17440
2025-05-24 16:44:06,17440
2025-05-24 16:44:09,17440
2025-05-24 16:44:12,17440
2025-05-24 16:44:15,17440
2025-05-24 16:44:18,17440
2025-05-24 16:44:21,17440
2025-05-24 16:44:24,17440
2025-05-24 16:44:27,17440
2025-05-24 16:44:30,17440
2025-05-24 16:44:33,17440
2025-05-24 16:44:36,17440
2025-05-24 16:44:39,17440
2025-05-24 16:44:42,17440
2025-05-24 16:44:45,17440
2025-05-24 16:44:48,17440
2025-05-24 16:44:51,17440
2025-05-24 16:44:54,17440
2025-05-24 16:44:57,17440
2025-05-24 16:45:00,17450
2025-05-24 16:45:03,17450
2025-05-24 16:45:06,17450
2025-05-24 16:45:09,17450
2025-05-24 16:45:12,17450
2025-05-24 16:45:15,17450
2025-05-24 16:45:18,17450
2025-05-24 16:45:21,17450
2025-05-24 16:45:24,17450
2025-05-24 16:45:27,17450
2025-05-24 16:45:30,17450
2025-05-24 16:45:33,17450
2025-05-24 16:45:36,17450
2025-05-24 16:45:39,17450
2025-05-24 16:45:42,17450
2025-05-24 16:45:45,17450
2025-05-24 16:45:48,17450
2025-05-24 16:45:51,17450
2025-05-24 16:45:54,17450
2025-05-24 16:45:57,17450
2025-05-24 16:46:00,17460
2025-05-24 16:46:03,17460
2025-05-24 16:46:06,17460
2025-05-24 16:46:09,17460
2025-05-24 16:46:12,17460
2025-05-24 16:46:15,17460
2025-05-24 16:46:18,17460
2025-05-24 16:46:21,17460
2025-05-24 16:46:24,17460
2025-05-24 16:46:27,17460
2025-05-24 16:46:30,17460
2025-05-24 16:46:33,17460
2025-05-24 16:46:36,17460
2025-05-24 16:46:39,17460
2025-05-24 16:46:42,17460
2025-05-24 16:46:45,17460
2025-05-24 16:46:48,17460
2025-05-24 16:46:51,17460
2025-05-24 16:46:54,17460
2025-05-24 16:46:57,17460
2025-05-24 16:47:00,17470
2025-05-24 16:47:03,17470
2025-05-24 16:47:06,17470
2025-05-24 16:47:09,17470
2025-05-24 16:47:12,17470
2025-05-24 16:47:15,17470
2025-05-24 16:47:18,17470
2025-05-24 16:47:21,17470
2025-05-24 16:47:24,17470
2025-05-24 16:47:27,17470
2025-05-24 16:47:30,17470
2025-05-24 16:47:33,17470
2025-05-24 16:47:36,17470
2025-05-24 16:47:39,17470
2025-05-24 16:47:42,17470
2025-05-24 16:47:45,17470
2025-05-24 16:47:48,17470
2025-05-24 16:47:51,17470
2025-05-24 16:47:54,17470
2025-05-24 16:47:57,17470
2025-05-24 16:48:00,17480
2025-05-24 16:48:03,17480
2025-05-24 16:48:06,17480
2025-05-24 16:48:09,17480
2025-05-24 16:48:12,17480
2025-05-24 16:48:15,17480
2025-05-24 16:48:18,17480
2025-05-24 16:48:21,17480
2025-05-24 16:48:24,17480
2025-05-24 16:48:27,17480
2025-05-24 16:48:30,17480
2025-05-24 16:48:33,17480
2025-05-24 16:48:36,17480
2025-05-24 16:48:39,17480
2025-05-24 16:48:42,17480
2025-05-24 16:48:45,17480
2025-05-24 16:48:48,17480
2025-05-24 16:48:51,17480
2025-05-24 16:48:54,17480
2025-05-24 16:48:57,17480
2025-05-24 16:49:00,17490
2025-05-24 16:49:03,17490
2025-05-24 16:49:06,17490
2025-05-24 16:49:09,17490
2025-05-24 16:49:12,17490
2025-05-24 16:49:15,17490
2025-05-24 16:49:18,17490
2025-05-24 16:49:21,17490
2025-05-24 16:49:24,17490
2025-05-24 16:49:27,17490
2025-05-24 16:49:30,17490
2025-05-24 16:49:33,17490
2025-05-24 16:49:36,17490
2025-05-24 16:49:39,17490
2025-05-24 16:49:42,17490
2025-05-24 16:49:45,17490
2025-05-24 16:49:48,17490
2025-05-24 16:49:51,17490
2025-05-24 16:49:54,17490
2025-05-24 16:49:57,17490
2025-05-24 16:50:00,17500
2025-05-24 16:50:03,17500
2025-05-24 16:50:06,17500
2025-05-24 16:50:09,17500
2025-05-24 16:50:12,17500
2025-05-24 16:50:15,17500
2025-05-24 16:50:18,17500
2025-05-24 16:50:21,17500
2025-05-24 16:50:24,17500
2025-05-24 16:50:27,17500
2025-05-24 16:50:30,17500
2025-05-24 16:50:33,17500
2025-05-24 16:50:36,17500
2025-05-24 16:50:39,17500
2025-05-24 16:50:42,17500
2025-05-24 16:50:45,17500
2025-05-24 16:50:48,17500
2025-05-24 16:50:51,17500
2025-05-24 16:50:54,17500
2025-05-24 16:50:57,17500
2025-05-24 16:51:00,17510
2025-05-24 16:51:03,17510
2025-05-24 16:51:06,17510
2025-05-24 16:51:09,17510
2025-05-24 16:51:12,17510
2025-05-24 16:51:15,17510
2025-05-24 16:51:18,17510
2025-05-24 16:51:21,17510
2025-05-24 16:51:24,17510
2025-05-24 16:51:27,17510
2025-05-24 16:51:30,17510
2025-05-24 16:51:33,17510
2025-05-24 16:51:36,17510
2025-05-24 16:51:39,17510
2025-05-24 16:51:42,17510
2025-05-24 16:51:45,17510
2025-05-24 16:51:48,17510
2025-05-24 16:51:51,17510
2025-05-24 16:51:54,17510
2025-05-24 16:51:57,17510
2025-05-24 16:52:00,17520
2025-05-24 16:52:03,17520
2025-05-24 16:52:06,17520
2025-05-24 16:52:09,17520
2025-05-24 16:52:12,17520
2025-05-24 16:52:15,17520
2025-05-24 16:52:18,17520
2025-05-24 16:52:21,17520
2025-05-24 16:52:24,17520
2025-05-24 16:52:27,17520
2025-05-24 16:52:30,17520
2025-05-24 16:52:33,17520
2025-05-24 16:52:36,17520
2025-05-24 16:52:39,17520
2025-05-24 16:52:42,17520
2025-05-24 16:52:45,17520
2025-05-24 16:52:48,17520
2025-05-24 16:52:51,17520
2025-05-24 16:52:54,17520
2025-05-24 16:52:57,17520
2025-05-24 16:53:00,17530
2025-05-24 16:53:03,17530
2025-05-24 16:53:06,17530
2025-05-24 16:53:09,17530
2025-05-24 16:53:12,17530
2025-05-24 16:53:15,17530
2025-05-24 16:53:18,17530
2025-05-24 16:53:21,17530
2025-05-24 16:53:24,17530
2025-05-24 16:53:27,17530
2025-05-24 16:53:30,17530
2025-05-24 16:53:33,17530
2025-05-24 16:53:36,17530
2025-05-24 16:53:39,17530
2025-05-24 16:53:42,17530
2025-05-24 16:53:45,17530
2025-05-24 16:53:48,17530
2025-05-24 16:53:51,17530
2025-05-24 16:53:54,17530
2025-05-24 16:53:57,17530
2025-05-24 16:54:00,17540
2025-05-24 16:54:03,17540
2025-05-24 16:54:06,17540
2025-05-24 16:54:09,17540
2025-05-24 16:54:12,17540
2025-05-24 16:54:15,17540
2025-05-24 16:54:18,17540
2025-05-24 16:54:21,17540
2025-05-24 16:54:24,17540
2025-05-24 16:54:27,17540
2025-05-24 16:54:30,17540
2025-05-24 16:54:33,17540
2025-05-24 16:54:36,17540
2025-05-24 16:54:39,17540
2025-05-24 16:54:42,17540
2025-05-24 16:54:45,17540
2025-05-24 16:54:48,17540
2025-05-24 16:54:51,17540
2025-05-24 16:54:54,17540
2025-05-24 16:54:57,17540
2025-05-24 16:55:00,17550
2025-05-24 16:55:03,17550
2025-05-24 16:55:06,17550
2025-05-24 16:55:09,17550
2025-05-24 16:55:12,17550
2025-05-24 16:55:15,17550
2025-05-24 16:55:18,17550
2025-05-24 16:55:21,17550
2025-05-24 16:55:24,17550
2025-05-24 16:55:27,17550
2025-05-24 16:55:30,17550
2025-05-24 16:55:33,17550
2025-05-24 16:55:36,17550
2025-05-24 16:55:39,17550
2025-05-24 16:55:42,17550
2025-05-24 16:55:45,17550
2025-05-24 16:55:48,17550
2025-05-24 16:55:51,17550
2025-05-24 16:55:54,17550
2025-05-24 16:55:57,17550
2025-05-24 16:56:00,17560
2025-05-24 16:56:03,17560
2025-05-24 16:56:06,17560
2025-05-24 16:56:09,17560
2025-05-24 16:56:12,17560
2025-05-24 16:56:15,17560
2025-05-24 16:56:18,17560
2025-05-24 16:56:21,17560
2025-05-24 16:56:24,17560
2025-05-24 16:56:27,17560
2025-05-24 16:56:30,17560
2025-05-24 16:56:33,17560
2025-05-24 16:56:36,17560
2025-05-24 16:56:39,17560
2025-05-24 16:56:42,17560
2025-05-24 16:56:45,17560
2025-05-24 16:56:48,17560
2025-05-24 16:56:51,17560
2025-05-24 16:56:54,17560
2025-05-24 16:56:57,17560
2025-05-24 16:57:00,17570
2025-05-24 16:57:03,17570
2025-05-24 16:57:06,17570
2025-05-24 16:57:09,17570
2025-05-24 16:57:12,17570
2025-05-24 16:57:15,17570
2025-05-24 16:57:18,17570
2025-05-24 16:57:21,17570
2025-05-24 16:57:24,17570
2025-05-24 16:57:27,17570
2025-05-24 16:57:30,17570
2025-05-24 16:57:33,17570
2025-05-24 16:57:36,17570
2025-05-24 16:57:39,17570
2025-05-24 16:57:42,17570
2025-05-24 16:57:45,17570
2025-05-24 16:57:48,17570
2025-05-24 16:57:51,17570
2025-05-24 16:57:54,17570
2025-05-24 16:57:57,17570
2025-05-24 16:58:00,17580
2025-05-24 16:58:03,17580
2025-05-24 16:58:06,17580
2025-05-24 16:58:09,17580
2025-05-24 16:58:12,17580
2025-05-24 16:58:15,17580
2025-05-24 16:58:18,17580
2025-05-24 16:58:21,17580
2025-05-24 16:58:24,17580
2025-05-24 16:58:27,17580
2025-05-24 16:58:30,17580
2025-05-24 16:58:33,17580
2025-05-24 16:58:36,17580
2025-05-24 16:58:39,17580
2025-05-24 16:58:42,17580
2025-05-24 16:58:45,17580
2025-05-24 16:58:48,17580
2025-05-24 16:58:51,17580
2025-05-24 16:58:54,17580
2025-05-24 16:58:57,17580
2025-05-24 16:59:00,17590
2025-05-24 16:59:03,17590
2025-05-24 16:59:06,17590
2025-05-24 16:59:09,17590
2025-05-24 16:59:12,17590
2025-05-24 16:59:15,17590
2025-05-24 16:59:18,17590
2025-05-24 16:59:21,17590
2025-05-24 16:59:24,17590
2025-05-24 16:59:27,17590
2025-05-24 16:59:30,17590
2025-05-24 16:59:33,17590
2025-05-24 16:59:36,17590
2025-05-24 16:59:39,17590
2025-05-24 16:59:42,17590
2025-05-24 16:59:45,17590
2025-05-24 16:59:48,17590
2025-05-24 16:59:51,17590
2025-05-24 16:59:54,17590
2025-05-24 16:59:57,17590
2025-05-24 17:00:00,17000
2025-05-24 17:00:03,17000
2025-05-24 17:00:06,17000
2025-05-24 17:00:09,17000
2025-05-24 17:00:12,17000
2025-05-24 17:00:15,17000
2025-05-24 17:00:18,17000
2025-05-24 17:00:21,17000
2025-05-24 17:00:24,17000
2025-05-24 17:00:27,17000
2025-05-24 17:00:30,17000
2025-05-24 17:00:33,17000
2025-05-24 17:00:36,17000
2025-05-24 17:00:39,17000
2025-05-24 17:00:42,17000
2025-05-24 17:00:45,17000
2025-05-24 17:00:48,17000
2025-05-24 17:00:51,17000
2025-05-24 17:00:54,17000
2025-05-24 17:00:57,17000
2025-05-24 17:01:00,17010
2025-05-24 17:01:03,17010
2025-05-24 17:01:06,17010
2025-05-24 17:01:09,17010
2025-05-24 17:01:12,17010
2025-05-24 17:01:15,17010
2025-05-24 17:01:18,17010
2025-05-24 17:01:21,17010
2025-05-24 17:01:24,17010
2025-05-24 17:01:27,17010
2025-05-24 17:01:30,17010
2025-05-24 17:01:33,17010
2025-05-24 17:01:36,17010
2025-05-24 17:01:39,17010
2025-05-24 17:01:42,17010
2025-05-24 17:01:45,17010
2025-05-24 17:01:48,17010
2025-05-24 17:01:51,17010
2025-05-24 17:01:54,17010
2025-05-24 17:01:57,17010
2025-05-24 17:02:00,17020
2025-05-24 17:02:03,17020
2025-05-24 17:02:06,17020
2025-05-24 17:02:09,17020
2025-05-24 17:02:12,17020
2025-05-24 17:02:15,17020
2025-05-24 17:02:18,17020
2025-05-24 17:02:21,17020
2025-05-24 17:02:24,17020
2025-05-24 17:02:27,17020
2025-05-24 17:02:30,17020
2025-05-24 17:02:33,17020
2025-05-24 17:02:36,17020
2025-05-24 17:02:39,17020
2025-05-24 17:02:42,17020
2025-05-24 17:02:45,17020
2025-05-24 17:02:48,17020
2025-05-24 17:02:51,17020
2025-05-24 17:02:54,17020
2025-05-24 17:02:57,17020
2025-05-24 17:03:00,17030
2025-05-24 17:03:03,17030
2025-05-24 17:03:06,17030
2025-05-24 17:03:09,17030
2025-05-24 17:03:12,17030
2025-05-24 17:03:15,17030
2025-05-24 17:03:18,17030
2025-05-24 17:03:21,17030
2025-05-24 17:03:24,17030
2025-05-24 17:03:27,17030
2025-05-24 17:03:30,17030
2025-05-24 17:03:33,17030
2025-05-24 17:03:36,17030
2025-05-24 17:03:39,17030
2025-05-24 17:03:42,17030
2025-05-24 17:03:45,17030
2025-05-24 17:03:48,17030
2025-05-24 17:03:51,17030
2025-05-24 17:03:54,17030
2025-05-24 17:03:57,17030
2025-05-24 17:04:00,17040
2025-05-24 17:04:03,17040
2025-05-24 17:04:06,17040
2025-05-24 17:04:09,17040
2025-05-24 17:04:12,17040
2025-05-24 17:04:15,17040
2025-05-24 17:04:18,17040
2025-05-24 17:04:21,17040
2025-05-24 17:04:24,17040
2025-05-24 17:04:27,17040
2025-05-24 17:04:30,17040
2025-05-24 17:04:33,17040
2025-05-24 17:04:36,17040
2025-05-24 17:04:39,17040
2025-05-24 17:04:42,17040
2025-05-24 17:04:45,17040
2025-05-24 17:04:48,17040
2025-05-24 17:04:51,17040
2025-05-24 17:04:54,17040
2025-05-24 17:04:57,17040
2025-05-24 17:05:00,17050
2025-05-24 17:05:03,17050
2025-05-24 17:05:06,17050
2025-05-24 17:05:09,17050
2025-05-24 17:05:12,17050
2025-05-24 17:05:15,17050
2025-05-24 17:05:18,17050
2025-05-24 17:05:21,17050
2025-05-24 17:05:24,17050
2025-05-24 17:05:27,17050
2025-05-24 17:05:30,17050
2025-05-24 17:05:33,17050
2025-05-24 17:05:36,17050
2025-05-24 17:05:39,17050
2025-05-24 17:05:42,17050
2025-05-24 17:05:45,17050
2025-05-24 17:05:48,17050
2025-05-24 17:05:51,17050
2025-05-24 17:05:54,17050
2025-05-24 17:05:57,17050
2025-05-24 17:06:00,17060
2025-05-24 17:06:03,17060
2025-05-24 17:06:06,17060
2025-05-24 17:06:09,17060
2025-05-24 17:06:12,17060
2025-05-24 17:06:15,17060
2025-05-24 17:06:18,17060
2025-05-24 17:06:21,17060
2025-05-24 17:06:24,17060
2025-05-24 17:06:27,17060
2025-05-24 17:06:30,17060
2025-05-24 17:06:33,17060
2025-05-24 17:06:36,17060
2025-05-24 17:06:39,17060
2025-05-24 17:06:42,17060
2025-05-24 17:06:45,17060
2025-05-24 17:06:48,17060
2025-05-24 17:06:51,17060
2025-05-24 17:06:54,17060
2025-05-24 17:06:57,17060
2025-05-24 17:07:00,17070
2025-05-24 17:07:03,17070
2025-05-24 17:07:06,17070
2025-05-24 17:07:09,17070
2025-05-24 17:07:12,17070
2025-05-24 17:07:15,17070
2025-05-24 17:07:18,17070
2025-05-24 17:07:21,17070
2025-05-24 17:07:24,17070
2025-05-24 17:07:27,17070
2025-05-24 17:07:30,17070
2025-05-24 17:07:33,17070
2025-05-24 17:07:36,17070
2025-05-24 17:07:39,17070
2025-05-24 17:07:42,17070
2025-05-24 17:07:45,17070
2025-05-24 17:07:48,17070
2025-05-24 17:07:51,17070
2025-05-24 17:07:54,17070
2025-05-24 17:07:57,17070
2025-05-24 17:08:00,17080
2025-05-24 17:08:03,17080
2025-05-24 17:08:06,17080
2025-05-24 17:08:09,17080
2025-05-24 17:08:12,17080
2025-05-24 17:08:15,17080
2025-05-24 17:08:18,17080
2025-05-24 17:08:21,17080
2025-05-24 17:08:24,17080
2025-05-24 17:08:27,17080
2025-05-24 17:08:30,17080
2025-05-24 17:08:33,17080
2025-05-24 17:08:36,17080
2025-05-24 17:08:39,17080
2025-05-24 17:08:42,17080
2025-05-24 17:08:45,17080
2025-05-24 17:08:48,17080
2025-05-24 17:08:51,17080
2025-05-24 17:08:54,17080
2025-05-24 17:08:57,17080
2025-05-24 17:09:00,17090
2025-05-24 17:09:03,17090
2025-05-24 17:09:06,17090
2025-05-24 17:09:09,17090
2025-05-24 17:09:12,17090
2025-05-24 17:09:15,17090
2025-05-24 17:09:18,17090
2025-05-24 17:09:21,17090
2025-05-24 17:09:24,17090
2025-05-24 17:09:27,17090
2025-05-24 17:09:30,17090
2025-05-24 17:09:33,17090
2025-05-24 17:09:36,17090
2025-05-24 17:09:39,17090
2025-05-24 17:09:42,17090
2025-05-24 17:09:45,17090
2025-05-24 17:09:48,17090
2025-05-24 17:09:51,17090
2025-05-24 17:09:54,17090
2025-05-24 17:09:57,17090
2025-05-24 17:10:00,17100
2025-05-24 17:10:03,17100
2025-05-24 17:10:06,17100
2025-05-24 17:10:09,17100
2025-05-24 17:10:12,17100
2025-05-24 17:10:15,17100
2025-05-24 17:10:18,17100
2025-05-24 17:10:21,17100
2025-05-24 17:10:24,17100
2025-05-24 17:10:27,17100
2025-05-24 17:10:30,17100
2025-05-24 17:10:33,17100
2025-05-24 17:10:36,17100
2025-05-24 17:10:39,17100
2025-05-24 17:10:42,17100
2025-05-24 17:10:45,17100
2025-05-24 17:10:48,17100
2025-05-24 17:10:51,17100
2025-05-24 17:10:54,17100
2025-05-24 17:10:57,17100
2025-05-24 17:11:00,17110
2025-05-24 17:11:03,17110
2025-05-24 17:11:06,17110
2025-05-24 17:11:09,17110
2025-05-24 17:11:12,17110
2025-05-24 17:11:15,17110
2025-05-24 17:11:18,17110
2025-05-24 17:11:21,17110
2025-05-24 17:11:24,17110
2025-05-24 17:11:27,17110
2025-05-24 17:11:30,17110
2025-05-24 17:11:33,17110
2025-05-24 17:11:36,17110
2025-05-24 17:11:39,17110
2025-05-24 17:11:42,17110
2025-05-24 17:11:45,17110
2025-05-24 17:11:48,17110
2025-05-24 17:11:51,17110
2025-05-24 17:11:54,17110
2025-05-24 17:11:57,17110
2025-05-24 17:12:00,17120
2025-05-24 17:12:03,17120
2025-05-24 17:12:06,17120
2025-05-24 17:12:09,17120
2025-05-24 17:12:12,17120
2025-05-24 17:12:15,17120
2025-05-24 17:12:18,17120
2025-05-24 17:12:21,17120
2025-05-24 17:12:24,17120
2025-05-24 17:12:27,17120
2025-05-24 17:12:30,17120
2025-05-24 17:12:33,17120
2025-05-24 17:12:36,17120
2025-05-24 17:12:39,17120
2025-05-24 17:12:42,17120
2025-05-24 17:12:45,17120
2025-05-24 17:12:48,17120
2025-05-24 17:12:51,17120
2025-05-24 17:12:54,17120
2025-05-24 17:12:57,17120
2025-05-24 17:13:00,17130
2025-05-24 17:13:03,17130
2025-05-24 17:13:06,17130
2025-05-24 17:13:09,17130
2025-05-24 17:13:12,17130
2025-05-24 17:13:15,17130
2025-05-24 17:13:18,17130
2025-05-24 17:13:21,17130
2025-05-24 17:13:24,17130
2025-05-24 17:13:27,17130
2025-05-24 17:13:30,17130
2025-05-24 17:13:33,17130
2025-05-24 17:13:36,17130
2025-05-24 17:13:39,17130
2025-05-24 17:13:42,17130
2025-05-24 17:13:45,17130
2025-05-24 17:13:48,17130
2025-05-24 17:13:51,17130
2025-05-24 17:13:54,17130
2025-05-24 17:13:57,17130
2025-05-24 17:14:00,17140
2025-05-24 17:14:03,17140
2025-05-24 17:14:06,17140
2025-05-24 17:14:09,17140
2025-05-24 17:14:12,17140
2025-05-24 17:14:15,17140
2025-05-24 17:14:18,17140
2025-05-24 17:14:21,17140
2025-05-24 17:14:24,17140
2025-05-24 17:14:27,17140
2025-05-24 17:14:30,17140
2025-05-24 17:14:33,17140
2025-05-24 17:14:36,17140
2025-05-24 17:14:39,17140
2025-05-24 17:14:42,17140
2025-05-24 17:14:45,17140
2025-05-24 17:14:48,17140
2025-05-24 17:14:51,17140
2025-05-24 17:14:54,17140
2025-05-24 17:14:57,17140
2025-05-24 17:15:00,17150
2025-05-24 17:15:03,17150
2025-05-24 17:15:06,17150
2025-05-24 17:15:09,17150
2025-05-24 17:15:12,17150
2025-05-24 17:15:15,17150
2025-05-24 17:15:18,17150
2025-05-24 17:15:21,17150
2025-05-24 17:15:24,17150
2025-05-24 17:15:27,17150
2025-05-24 17:15:30,17150
2025-05-24 17:15:33,17150
2025-05-24 17:15:36,17150
2025-05-24 17:15:39,17150
2025-05-24 17:15:42,17150
2025-05-24 17:15:45,17150
2025-05-24 17:15:48,17150
2025-05-24 17:15:51,17150
2025-05-24 17:15:54,17150
2025-05-24 17:15:57,17150
2025-05-24 17:16:00,17160
2025-05-24 17:16:03,17160
2025-05-24 17:16:06,17160
2025-05-24 17:16:09,17160
2025-05-24 17:16:12,17160
2025-05-24 17:16:15,17160
2025-05-24 17:16:18,17160
2025-05-24 17:16:21,17160
2025-05-24 17:16:24,17160
2025-05-24 17:16:27,17160
2025-05-24 17:16:30,17160
2025-05-24 17:16:33,17160
2025-05-24 17:16:36,17160
2025-05-24 17:16:39,17160
2025-05-24 17:16:42,17160
2025-05-24 17:16:45,17160
2025-05-24 17:16:48,17160
2025-05-24 17:16:51,17160
2025-05-24 17:16:54,17160
2025-05-24 17:16:57,17160
2025-05-24 17:17:00,17170
2025-05-24 17:17:03,17170
2025-05-24 17:17:06,17170
2025-05-24 17:17:09,17170
2025-05-24 17:17:12,17170
2025-05-24 17:17:15,17170
2025-05-24 17:17:18,17170
2025-05-24 17:17:21,17170
2025-05-24 17:17:24,17170
2025-05-24 17:17:27,17170
2025-05-24 17:17:30,17170
2025-05-24 17:17:33,17170
2025-05-24 17:17:36,17170
2025-05-24 17:17:39,17170
2025-05-24 17:17:42,17170
2025-05-24 17:17:45,17170
2025-05-24 17:17:48,17170
2025-05-24 17:17:51,17170
2025-05-24 17:17:54,17170
2025-05-24 17:17:57,17170
2025-05-24 17:18:00,17180
2025-05-24 17:18:03,17180
2025-05-24 17:18:06,17180
2025-05-24 17:18:09,17180
2025-05-24 17:18:12,17180
2025-05-24 17:18:15,17180
2025-05-24 17:18:18,17180
2025-05-24 17:18:21,17180
2025-05-24 17:18:24,17180
2025-05-24 17:18:27,17180
2025-05-24 17:18:30,17180
2025-05-24 17:18:33,17180
2025-05-24 17:18:36,17180
2025-05-24 17:18:39,17180
2025-05-24 17:18:42,17180
2025-05-24 17:18:45,17180
2025-05-24 17:18:48,17180
2025-05-24 17:18:51,17180
2025-05-24 17:18:54,17180
2025-05-24 17:18:57,17180
2025-05-24 17:19:00,17190
2025-05-24 17:19:03,17190
2025-05-24 17:19:06,17190
2025-05-24 17:19:09,17190
2025-05-24 17:19:12,17190
2025-05-24 17:19:15,17190
2025-05-24 17:19:18,17190
2025-05-24 17:19:21,17190
2025-05-24 17:19:24,17190
2025-05-24 17:19:27,17190
2025-05-24 17:19:30,17190
2025-05-24 17:19:33,17190
2025-05-24 17:19:36,17190
2025-05-24 17:19:39,17190
2025-05-24 17:19:42,17190
2025-05-24 17:19:45,17190
2025-05-24 17:19:48,17190
2025-05-24 17:19:51,17190
2025-05-24 17:19:54,17190
2025-05-24 17:19:57,17190
2025-05-24 17:20:00,17200
2025-05-24 17:20:03,17200
2025-05-24 17:20:06,17200
2025-05-24 17:20:09,17200
2025-05-24 17:20:12,17200
2025-05-24 17:20:15,17200
2025-05-24 17:20:18,17200
2025-05-24 17:20:21,17200
2025-05-24 17:20:24,17200
2025-05-24 17:20:27,17200
2025-05-24 17:20:30,17200
2025-05-24 17:20:33,17200
2025-05-24 17:20:36,17200
2025-05-24 17:20:39,17200
2025-05-24 17:20:42,17200
2025-05-24 17:20:45,17200
2025-05-24 17:20:48,17200
2025-05-24 17:20:51,17200
2025-05-24 17:20:54,17200
2025-05-24 17:20:57,17200
2025-05-24 17:21:00,17210
2025-05-24 17:21:03,17210
2025-05-24 17:21:06,17210
2025-05-24 17:21:09,17210
2025-05-24 17:21:12,17210
2025-05-24 17:21:15,17210
2025-05-24 17:21:18,17210
2025-05-24 17:21:21,17210
2025-05-24 17:21:24,17210
2025-05-24 17:21:27,17210
2025-05-24 17:21:30,17210
2025-05-24 17:21:33,17210
2025-05-24 17:21:36,17210
2025-05-24 17:21:39,17210
2025-05-24 17:21:42,17210
2025-05-24 17:21:45,17210
2025-05-24 17:21:48,17210
2025-05-24 17:21:51,17210
2025-05-24 17:21:54,17210
2025-05-24 17:21:57,17210
2025-05-24 17:22:00,17220
2025-05-24 17:22:03,17220
2025-05-24 17:22:06,17220
2025-05-24 17:22:09,17220
2025-05-24 17:22:12,17220
2025-05-24 17:22:15,17220
2025-05-24 17:22:18,17220
2025-05-24 17:22:21,17220
2025-05-24 17:22:24,17220
2025-05-24 17:22:27,17220
2025-05-24 17:22:30,17220
2025-05-24 17:22:33,17220
2025-05-24 17:22:36,17220
2025-05-24 17:22:39,17220
2025-05-24 17:22:42,17220
2025-05-24 17:22:45,17220
2025-05-24 17:22:48,17220
2025-05-24 17:22:51,17220
2025-05-24 17:22:54,17220
2025-05-24 17:22:57,17220
2025-05-24 17:23:00,17230
2025-05-24 17:23:03,17230
2025-05-24 17:23:06,17230
2025-05-24 17:23:09,17230
2025-05-24 17:23:12,17230
2025-05-24 17:23:15,17230
2025-05-24 17:23:18,17230
2025-05-24 17:23:21,17230
2025-05-24 17:23:24,17230
2025-05-24 17:23:27,17230
2025-05-24 17:23:30,17230
2025-05-24 17:23:33,17230
2025-05-24 17:23:36,17230
2025-05-24 17:23:39,17230
2025-05-24 17:23:42,17230
2025-05-24 17:23:45,17230
2025-05-24 17:23:48,17230
2025-05-24 17:23:51,17230
2025-05-24 17:23:54,17230
2025-05-24 17:23:57,17230
2025-05-24 17:24:00,17240
2025-05-24 17:24:03,17240
2025-05-24 17:24:06,17240
2025-05-24 17:24:09,17240
2025-05-24 17:24:12,17240
2025-05-24 17:24:15,17240
2025-05-24 17:24:18,17240
2025-05-24 17:24:21,17240
2025-05-24 17:24:24,17240
2025-05-24 17:24:27,17240
2025-05-24 17:24:30,17240
2025-05-24 17:24:33,17240
2025-05-24 17:24:36,17240
2025-05-24 17:24:39,17240
2025-05-24 17:24:42,17240
2025-05-24 17:24:45,17240
2025-05-24 17:24:48,17240
2025-05-24 17:24:51,17240
2025-05-24 17:24:54,17240
2025-05-24 17:24:57,17240
2025-05-24 17:25:00,17250
2025-05-24 17:25:03,17250
2025-05-24 17:25:06,17250
2025-05-24 17:25:09,17250
2025-05-24 17:25:12,17250
2025-05-24 17:25:15,17250
2025-05-24 17:25:18,17250
2025-05-24 17:25:21,17250
2025-05-24 17:25:24,17250
2025-05-24 17:25:27,17250
2025-05-24 17:25:30,17250
2025-05-24 17:25:33,17250
2025-05-24 17:25:36,17250
2025-05-24 17:25:39,17250
2025-05-24 17:25:42,17250
2025-05-24 17:25:45,17250
2025-05-24 17:25:48,17250
2025-05-24 17:25:51,17250
2025-05-24 17:25:54,17250
2025-05-24 17:25:57,17250
2025-05-24 17:26:00,17260
2025-05-24 17:26:03,17260
2025-05-24 17:26:06,17260
2025-05-24 17:26:09,17260
2025-05-24 17:26:12,17260
2025-05-24 17:26:15,17260
2025-05-24 17:26:18,17260
2025-05-24 17:26:21,17260
2025-05-24 17:26:24,17260
2025-05-24 17:26:27,17260
2025-05-24 17:26:30,17260
2025-05-24 17:26:33,17260
2025-05-24 17:26:36,17260
2025-05-24 17:26:39,17260
2025-05-24 17:26:42,17260
2025-05-24 17:26:45,17260
2025-05-24 17:26:48,17260
2025-05-24 17:26:51,17260
2025-05-24 17:26:54,17260
2025-05-24 17:26:57,17260
2025-05-24 17:27:00,17270
2025-05-24 17:27:03,17270
2025-05-24 17:27:06,17270
2025-05-24 17:27:09,17270
2025-05-24 17:27:12,17270
2025-05-24 17:27:15,17270
2025-05-24 17:27:18,17270
2025-05-24 17:27:21,17270
2025-05-24 17:27:24,17270
2025-05-24 17:27:27,17270
2025-05-24 17:27:30,17270
2025-05-24 17:27:33,17270
2025-05-24 17:27:36,17270
2025-05-24 17:27:39,17270
2025-05-24 17:27:42,17270
2025-05-24 17:27:45,17270
2025-05-24 17:27:48,17270
2025-05-24 17:27:51,17270
2025-05-24 17:27:54,17270
2025-05-24 17:27:57,17270
2025-05-24 17:28:00,17280
2025-05-24 17:28:03,17280
2025-05-24 17:28:06,17280
2025-05-24 17:28:09,17280
2025-05-24 17:28:12,17280
2025-05-24 17:28:15,17280
2025-05-24 17:28:18,17280
2025-05-24 17:28:21,17280
2025-05-24 17:28:24,17280
2025-05-24 17:28:27,17280
2025-05-24 17:28:30,17280
2025-05-24 17:28:33,17280
2025-05-24 17:28:36,17280
2025-05-24 17:28:39,17280
2025-05-24 17:28:42,17280
2025-05-24 17:28:45,17280
2025-05-24 17:28:48,17280
2025-05-24 17:28:51,17280
2025-05-24 17:28:54,17280
2025-05-24 17:28:57,17280
2025-05-24 17:29:00,17290
2025-05-24 17:29:03,17290
2025-05-24 17:29:06,17290
2025-05-24 17:29:09,17290
2025-05-24 17:29:12,17290
2025-05-24 17:29:15,17290
2025-05-24 17:29:18,17290
2025-05-24 17:29:21,17290
2025-05-24 17:29:24,17290
2025-05-24 17:29:27,17290
2025-05-24 17:29:30,17290
2025-05-24 17:29:33,17290
2025-05-24 17:29:36,17290
2025-05-24 17:29:39,17290
2025-05-24 17:29:42,17290
2025-05-24 17:29:45,17290
2025-05-24 17:29:48,17290
2025-05-24 17:29:51,17290
2025-05-24 17:29:54,17290
2025-05-24 17:29:57,17290
2025-05-24 17:30:00,17300
2025-05-24 17:30:03,17300
2025-05-24 17:30:06,17300
2025-05-24 17:30:09,17300
2025-05-24 17:30:12,17300
2025-05-24 17:30:15,17300
2025-05-24 17:30:18,17300
2025-05-24 17:30:21,17300
2025-05-24 17:30:24,17300
2025-05-24 17:30:27,17300
2025-05-24 17:30:30,17300
2025-05-24 17:30:33,17300
2025-05-24 17:30:36,17300
2025-05-24 17:30:39,17300
2025-05-24 17:30:42,17300
2025-05-24 17:30:45,17300
2025-05-24 17:30:48,17300
2025-05-24 17:30:51,17300
2025-05-24 17:30:54,17300
2025-05-24 17:30:57,17300
2025-05-24 17:31:00,17310
2025-05-24 17:31:03,17310
2025-05-24 17:31:06,17310
2025-05-24 17:31:09,17310
2025-05-24 17:31:12,17310
2025-05-24 17:31:15,17310
2025-05-24 17:31:18,17310
2025-05-24 17:31:21,17310
2025-05-24 17:31:24,17310
2025-05-24 17:31:27,17310
2025-05-24 17:31:30,17310
2025-05-24 17:31:33,17310
2025-05-24 17:31:36,17310
2025-05-24 17:31:39,17310
2025-05-24 17:31:42,17310
2025-05-24 17:31:45,17310
2025-05-24 17:31:48,17310
2025-05-24 17:31:51,17310
2025-05-24 17:31:54,17310
2025-05-24 17:31:57,17310
2025-05-24 17:32:00,17320
2025-05-24 17:32:03,17320
2025-05-24 17:32:06,17320
2025-05-24 17:32:09,17320
2025-05-24 17:32:12,17320
2025-05-24 17:32:15,17320
2025-05-24 17:32:18,17320
2025-05-24 17:32:21,17320
2025-05-24 17:32:24,17320
2025-05-24 17:32:27,17320
2025-05-24 17:32:30,17320
2025-05-24 17:32:33,17320
2025-05-24 17:32:36,17320
2025-05-24 17:32:39,17320
2025-05-24 17:32:42,17320
2025-05-24 17:32:45,17320
2025-05-24 17:32:48,17320
2025-05-24 17:32:51,17320
2025-05-24 17:32:54,17320
2025-05-24 17:32:57,17320
2025-05-24 17:33:00,17330
2025-05-24 17:33:03,17330
2025-05-24 17:33:06,17330
2025-05-24 17:33:09,17330
2025-05-24 17:33:12,17330
2025-05-24 17:33:15,17330
2025-05-24 17:33:18,17330
2025-05-24 17:33:21,17330
2025-05-24 17:33:24,17330
2025-05-24 17:33:27,17330
2025-05-24 17:33:30,17330
2025-05-24 17:33:33,17330
2025-05-24 17:33:36,17330
2025-05-24 17:33:39,17330
2025-05-24 17:33:42,17330
2025-05-24 17:33:45,17330
2025-05-24 17:33:48,17330
2025-05-24 17:33:51,17330
2025-05-24 17:33:54,17330
2025-05-24 17:33:57,17330
2025-05-24 17:34:00,17340
2025-05-24 17:34:03,17340
2025-05-24 17:34:06,17340
2025-05-24 17:34:09,17340
2025-05-24 17:34:12,17340
2025-05-24 17:34:15,17340
2025-05-24 17:34:18,17340
2025-05-24 17:34:21,17340
2025-05-24 17:34:24,17340
2025-05-24 17:34:27,17340
2025-05-24 17:34:30,17340
2025-05-24 17:34:33,17340
2025-05-24 17:34:36,17340
2025-05-24 17:34:39,17340
2025-05-24 17:34:42,17340
2025-05-24 17:34:45,17340
2025-05-24 17:34:48,17340
2025-05-24 17:34:51,17340
2025-05-24 17:34:54,17340
2025-05-24 17:34:57,17340
2025-05-24 17:35:00,17350
2025-05-24 17:35:03,17350
2025-05-24 17:35:06,17350
2025-05-24 17:35:09,17350
2025-05-24 17:35:12,17350
2025-05-24 17:35:15,17350
2025-05-24 17:35:18,17350
2025-05-24 17:35:21,17350
2025-05-24 17:35:24,17350
2025-05-24 17:35:27,17350
2025-05-24 17:35:30,17350
2025-05-24 17:35:33,17350
2025-05-24 17:35:36,17350
2025-05-24 17:35:39,17350
2025-05-24 17:35:42,17350
2025-05-24 17:35:45,17350
2025-05-24 17:35:48,17350
2025-05-24 17:35:51,17350
2025-05-24 17:35:54,17350
2025-05-24 17:35:57,17350
2025-05-24 17:36:00,17360
2025-05-24 17:36:03,17360
2025-05-24 17:36:06,17360
2025-05-24 17:36:09,17360
2025-05-24 17:36:12,17360
2025-05-24 17:36:15,17360
2025-05-24 17:36:18,17360
2025-05-24 17:36:21,17360
2025-05-24 17:36:24,17360
2025-05-24 17:36:27,17360
2025-05-24 17:36:30,17360
2025-05-24 17:36:33,17360
2025-05-24 17:36:36,17360
2025-05-24 17:36:39,17360
2025-05-24 17:36:42,17360
2025-05-24 17:36:45,17360
2025-05-24 17:36:48,17360
2025-05-24 17:36:51,17360
2025-05-24 17:36:54,17360
2025-05-24 17:36:57,17360
2025-05-24 17:37:00,17370
2025-05-24 17:37:03,17370
2025-05-24 17:37:06,17370
2025-05-24 17:37:09,17370
2025-05-24 17:37:12,17370
2025-05-24 17:37:15,17370
2025-05-24 17:37:18,17370
2025-05-24 17:37:21,17370
2025-05-24 17:37:24,17370
2025-05-24 17:37:27,17370
2025-05-24 17:37:30,17370
2025-05-24 17:37:33,17370
2025-05-24 17:37:36,17370
2025-05-24 17:37:39,17370
2025-05-24 17:37:42,17370
2025-05-24 17:37:45,17370
2025-05-24 17:37:48,17370
2025-05-24 17:37:51,17370
2025-05-24 17:37:54,17370
2025-05-24 17:37:57,17370
2025-05-24 17:38:00,17380
2025-05-24 17:38:03,17380
2025-05-24 17:38:06,17380
2025-05-24 17:38:09,17380
2025-05-24 17:38:12,17380
2025-05-24 17:38:15,17380
2025-05-24 17:38:18,17380
2025-05-24 17:38:21,17380
2025-05-24 17:38:24,17380
2025-05-24 17:38:27,17380
2025-05-24 17:38:30,17380
2025-05-24 17:38:33,17380
2025-05-24 17:38:36,17380
2025-05-24 17:38:39,17380
2025-05-24 17:38:42,17380
2025-05-24 17:38:45,17380
2025-05-24 17:38:48,17380
2025-05-24 17:38:51,17380
2025-05-24 17:38:54,17380
2025-05-24 17:38:57,17380
2025-05-24 17:39:00,17390
2025-05-24 17:39:03,17390
2025-05-24 17:39:06,17390
2025-05-24 17:39:09,17390
2025-05-24 17:39:12,17390
2025-05-24 17:39:15,17390
2025-05-24 17:39:18,17390
2025-05-24 17:39:21,17390
2025-05-24 17:39:24,17390
2025-05-24 17:39:27,17390
2025-05-24 17:39:30,17390
2025-05-24 17:39:33,17390
2025-05-24 17:39:36,17390
2025-05-24 17:39:39,17390
2025-05-24 17:39:42,17390
2025-05-24 17:39:45,17390
2025-05-24 17:39:48,17390
2025-05-24 17:39:51,17390
2025-05-24 17:39:54,17390
2025-05-24 17:39:57,17390
2025-05-24 17:40:00,17400
2025-05-24 17:40:03,17400
2025-05-24 17:40:06,17400
2025-05-24 17:40:09,17400
2025-05-24 17:40:12,17400
2025-05-24 17:40:15,17400
2025-05-24 17:40:18,17400
2025-05-24 17:40:21,17400
2025-05-24 17:40:24,17400
2025-05-24 17:40:27,17400
2025-05-24 17:40:30,17400
2025-05-24 17:40:33,17400
2025-05-24 17:40:36,17400
2025-05-24 17:40:39,17400
2025-05-24 17:40:42,17400
2025-05-24 17:40:45,17400
2025-05-24 17:40:48,17400
2025-05-24 17:40:51,17400
2025-05-24 17:40:54,17400
2025-05-24 17:40:57,17400
2025-05-24 17:41:00,17410
2025-05-24 17:41:03,17410
2025-05-24 17:41:06,17410
2025-05-24 17:41:09,17410
2025-05-24 17:41:12,17410
2025-05-24 17:41:15,17410
2025-05-24 17:41:18,17410
2025-05-24 17:41:21,17410
2025-05-24 17:41:24,17410
2025-05-24 17:41:27,17410
2025-05-24 17:41:30,17410
2025-05-24 17:41:33,17410
2025-05-24 17:41:36,17410
2025-05-24 17:41:39,17410
2025-05-24 17:41:42,17410
2025-05-24 17:41:45,17410
2025-05-24 17:41:48,17410
2025-05-24 17:41:51,17410
2025-05-24 17:41:54,17410
2025-05-24 17:41:57,17410
2025-05-24 17:42:00,17420
2025-05-24 17:42:03,17420
2025-05-24 17:42:06,17420
2025-05-24 17:42:09,17420
2025-05-24 17:42:12,17420
2025-05-24 17:42:15,17420
2025-05-24 17:42:18,17420
2025-05-24 17:42:21,17420
2025-05-24 17:42:24,17420
2025-05-24 17:42:27,17420
2025-05-24 17:42:30,17420
2025-05-24 17:42:33,17420
2025-05-24 17:42:36,17420
2025-05-24 17:42:39,17420
2025-05-24 17:42:42,17420
2025-05-24 17:42:45,17420
2025-05-24 17:42:48,17420
2025-05-24 17:42:51,17420
2025-05-24 17:42:54,17420
2025-05-24 17:42:57,17420
2025-05-24 17:43:00,17430
2025-05-24 17:43:03,17430
2025-05-24 17:43:06,17430
2025-05-24 17:43:09,17430
2025-05-24 17:43:12,17430
2025-05-24 17:43:15,17430
2025-05-24 17:43:18,17430
2025-05-24 17:43:21,17430
2025-05-24 17:43:24,17430
2025-05-24 17:43:27,17430
2025-05-24 17:43:30,17430
2025-05-24 17:43:33,17430
2025-05-24 17:43:36,17430
2025-05-24 17:43:39,17430
2025-05-24 17:43:42,17430
2025-05-24 17:43:45,17430
2025-05-24 17:43:48,17430
2025-05-24 17:43:51,17430
2025-05-24 17:43:54,17430
2025-05-24 17:43:57,17430
2025-05-24 17:44:00,17440
2025-05-24 17:44:03,17440
2025-05-24 17:44:06,17440
2025-05-24 17:44:09,17440
2025-05-24 17:44:12,17440
2025-05-24 17:44:15,17440
2025-05-24 17:44:18,17440
2025-05-24 17:44:21,17440
2025-05-24 17:44:24,17440
2025-05-24 17:44:27,17440
2025-05-24 17:44:30,17440
2025-05-24 17:44:33,17440
2025-05-24 17:44:36,17440
2025-05-24 17:44:39,17440
2025-05-24 17:44:42,17440
2025-05-24 17:44:45,17440
2025-05-24 17:44:48,17440
2025-05-24 17:44:51,17440
2025-05-24 17:44:54,17440
2025-05-24 17:44:57,17440
2025-05-24 17:45:00,17450
2025-05-24 17:45:03,17450
2025-05-24 17:45:06,17450
2025-05-24 17:45:09,17450
2025-05-24 17:45:12,17450
2025-05-24 17:45:15,17450
2025-05-24 17:45:18,17450
2025-05-24 17:45:21,17450
2025-05-24 17:45:24,17450
2025-05-24 17:45:27,17450
2025-05-24 17:45:30,17450
2025-05-24 17:45:33,17450
2025-05-24 17:45:36,17450
2025-05-24 17:45:39,17450
2025-05-24 17:45:42,17450
2025-05-24 17:45:45,17450
2025-05-24 17:45:48,17450
2025-05-24 17:45:51,17450
2025-05-24 17:45:54,17450
2025-05-24 17:45:57,17450
2025-05-24 17:46:00,17460
2025-05-24 17:46:03,17460
2025-05-24 17:46:06,17460
2025-05-24 17:46:09,17460
2025-05-24 17:46:12,17460
2025-05-24 17:46:15,17460
2025-05-24 17:46:18,17460
2025-05-24 17:46:21,17460
2025-05-24 17:46:24,17460
2025-05-24 17:46:27,17460
2025-05-24 17:46:30,17460
2025-05-24 17:46:33,17460
2025-05-24 17:46:36,17460
2025-05-24 17:46:39,17460
2025-05-24 17:46:42,17460
2025-05-24 17:46:45,17460
2025-05-24 17:46:48,17460
2025-05-24 17:46:51,17460
2025-05-24 17:46:54,17460
2025-05-24 17:46:57,17460
2025-05-24 17:47:00,17470
2025-05-24 17:47:03,17470
2025-05-24 17:47:06,17470
2025-05-24 17:47:09,17470
2025-05-24 17:47:12,17470
2025-05-24 17:47:15,17470
2025-05-24 17:47:18,17470
2025-05-24 17:47:21,17470
2025-05-24 17:47:24,17470
2025-05-24 17:47:27,17470
2025-05-24 17:47:30,17470
2025-05-24 17:47:33,17470
2025-05-24 17:47:36,17470
2025-05-24 17:47:39,17470
2025-05-24 17:47:42,17470
2025-05-24 17:47:45,17470
2025-05-24 17:47:48,17470
2025-05-24 17:47:51,17470
2025-05-24 17:47:54,17470
2025-05-24 17:47:57,17470
2025-05-24 17:48:00,17480
2025-05-24 17:48:03,17480
2025-05-24 17:48:06,17480
2025-05-24 17:48:09,17480
2025-05-24 17:48:12,17480
2025-05-24 17:48:15,17480
2025-05-24 17:48:18,17480
2025-05-24 17:48:21,17480
2025-05-24 17:48:24,17480
2025-05-24 17:48:27,17480
2025-05-24 17:48:30,17480
2025-05-24 17:48:33,17480
2025-05-24 17:48:36,17480
2025-05-24 17:48:39,17480
2025-05-24 17:48:42,17480
2025-05-24 17:48:45,17480
2025-05-24 17:48:48,17480
2025-05-24 17:48:51,17480
2025-05-24 17:48:54,17480
2025-05-24 17:48:57,17480
2025-05-24 17:49:00,17490
2025-05-24 17:49:03,17490
2025-05-24 17:49:06,17490
2025-05-24 17:49:09,17490
2025-05-24 17:49:12,17490
2025-05-24 17:49:15,17490
2025-05-24 17:49:18,17490
2025-05-24 17:49:21,17490
2025-05-24 17:49:24,17490
2025-05-24 17:49:27,17490
2025-05-24 17:49:30,17490
2025-05-24 17:49:33,17490
2025-05-24 17:49:36,17490
2025-05-24 17:49:39,17490
2025-05-24 17:49:42,17490
2025-05-24 17:49:45,17490
2025-05-24 17:49:48,17490
2025-05-24 17:49:51,17490
2025-05-24 17:49:54,17490
2025-05-24 17:49:57,17490
2025-05-24 17:50:00,17500
2025-05-24 17:50:03,17500
2025-05-24 17:50:06,17500
2025-05-24 17:50:09,17500
2025-05-24 17:50:12,17500
2025-05-24 17:50:15,17500
2025-05-24 17:50:18,17500
2025-05-24 17:50:21,17500
2025-05-24 17:50:24,17500
2025-05-24 17:50:27,17500
2025-05-24 17:50:30,17500
2025-05-24 17:50:33,17500
2025-05-24 17:50:36,17500
2025-05-24 17:50:39,17500
2025-05-24 17:50:42,17500
2025-05-24 17:50:45,17500
2025-05-24 17:50:48,17500
2025-05-24 17:50:51,17500
2025-05-24 17:50:54,17500
2025-05-24 17:50:57,17500
2025-05-24 17:51:00,17510
2025-05-24 17:51:03,17510
2025-05-24 17:51:06,17510
2025-05-24 17:51:09,17510
2025-05-24 17:51:12,17510
2025-05-24 17:51:15,17510
2025-05-24 17:51:18,17510
2025-05-24 17:51:21,17510
2025-05-24 17:51:24,17510
2025-05-24 17:51:27,17510
2025-05-24 17:51:30,17510
2025-05-24 17:51:33,17510
2025-05-24 17:51:36,17510
2025-05-24 17:51:39,17510
2025-05-24 17:51:42,17510
2025-05-24 17:51:45,17510
2025-05-24 17:51:48,17510
2025-05-24 17:51:51,17510
2025-05-24 17:51:54,17510
2025-05-24 17:51:57,17510
2025-05-24 17:52:00,17520
2025-05-24 17:52:03,17520
2025-05-24 17:52:06,17520
2025-05-24 17:52:09,17520
2025-05-24 17:52:12,17520
2025-05-24 17:52:15,17520
2025-05-24 17:52:18,17520
2025-05-24 17:52:21,17520
2025-05-24 17:52:24,17520
2025-05-24 17:52:27,17520
2025-05-24 17:52:30,17520
2025-05-24 17:52:33,17520
2025-05-24 17:52:36,17520
2025-05-24 17:52:39,17520
2025-05-24 17:52:42,17520
2025-05-24 17:52:45,17520
2025-05-24 17:52:48,17520
2025-05-24 17:52:51,17520
2025-05-24 17:52:54,17520
2025-05-24 17:52:57,17520
2025-05-24 17:53:00,17530
2025-05-24 17:53:03,17530
2025-05-24 17:53:06,17530
2025-05-24 17:53:09,17530
2025-05-24 17:53:12,17530
2025-05-24 17:53:15,17530
2025-05-24 17:53:18,17530
2025-05-24 17:53:21,17530
2025-05-24 17:53:24,17530
2025-05-24 17:53:27,17530
2025-05-24 17:53:30,17530
2025-05-24 17:53:33,17530
2025-05-24 17:53:36,17530
2025-05-24 17:53:39,17530
2025-05-24 17:53:42,17530
2025-05-24 17:53:45,17530
2025-05-24 17:53:48,17530
2025-05-24 17:53:51,17530
2025-05-24 17:53:54,17530
2025-05-24 17:53:57,17530
2025-05-24 17:54:00,17540
2025-05-24 17:54:03,17540
2025-05-24 17:54:06,17540
2025-05-24 17:54:09,17540
2025-05-24 17:54:12,17540
2025-05-24 17:54:15,17540
2025-05-24 17:54:18,17540
2025-05-24 17:54:21,17540
2025-05-24 17:54:24,17540
2025-05-24 17:54:27,17540
2025-05-24 17:54:30,17540
2025-05-24 17:54:33,17540
2025-05-24 17:54:36,17540
2025-05-24 17:54:39,17540
2025-05-24 17:54:42,17540
2025-05-24 17:54:45,17540
2025-05-24 17:54:48,17540
2025-05-24 17:54:52,17540
2025-05-24 17:54:55,17540
2025-05-24 17:54:58,17540
2025-05-24 17:55:01,17550
2025-05-24 17:55:04,17550
2025-05-24 17:55:07,17550
2025-05-24 17:55:10,17550
2025-05-24 17:55:13,17550
2025-05-24 17:55:16,17550
2025-05-24 17:55:19,17550
2025-05-24 17:55:22,17550
2025-05-24 17:55:25,17550
2025-05-24 17:55:28,17550
2025-05-24 17:55:31,17550
2025-05-24 17:55:34,17550
2025-05-24 17:55:37,17550
2025-05-24 17:55:40,17550
2025-05-24 17:55:43,17550
2025-05-24 17:55:46,17550
2025-05-24 17:55:49,17550
2025-05-24 17:55:52,17550
2025-05-24 17:55:55,17550
2025-05-24 17:55:58,17550
2025-05-24 17:56:01,17560
2025-05-24 17:56:04,17560
2025-05-24 17:56:07,17560
2025-05-24 17:56:10,17560
2025-05-24 17:56:13,17560
2025-05-24 17:56:16,17560
2025-05-24 17:56:19,17560
2025-05-24 17:56:22,17560
2025-05-24 17:56:25,17560
2025-05-24 17:56:28,17560
2025-05-24 17:56:31,17560
2025-05-24 17:56:34,17560
2025-05-24 17:56:37,17560
2025-05-24 17:56:40,17560
2025-05-24 17:56:43,17560
2025-05-24 17:56:46,17560
2025-05-24 17:56:49,17560
2025-05-24 17:56:52,17560
2025-05-24 17:56:55,17560
2025-05-24 17:56:58,17560
2025-05-24 17:57:01,17570
2025-05-24 17:57:04,17570
2025-05-24 17:57:07,17570
2025-05-24 17:57:10,17570
2025-05-24 17:57:13,17570
2025-05-24 17:57:16,17570
2025-05-24 17:57:19,17570
2025-05-24 17:57:22,17570
2025-05-24 17:57:25,17570
2025-05-24 17:57:28,17570
2025-05-24 17:57:31,17570
2025-05-24 17:57:34,17570
2025-05-24 17:57:37,17570
2025-05-24 17:57:40,17570
2025-05-24 17:57:43,17570
2025-05-24 17:57:46,17570
2025-05-24 17:57:49,17570
2025-05-24 17:57:52,17570
2025-05-24 17:57:55,17570
2025-05-24 17:57:58,17570
2025-05-24 17:58:01,17580
2025-05-24 17:58:04,17580
2025-05-24 17:58:07,17580
2025-05-24 17:58:10,17580
2025-05-24 17:58:13,17580
2025-05-24 17:58:16,17580
2025-05-24 17:58:19,17580
2025-05-24 17:58:22,17580
2025-05-24 17:58:25,17580
2025-05-24 17:58:28,17580
2025-05-24 17:58:31,17580
2025-05-24 17:58:34,17580
2025-05-24 17:58:37,17580
2025-05-24 17:58:40,17580
2025-05-24 17:58:43,17580
2025-05-24 17:58:46,17580
2025-05-24 17:58:49,17580
2025-05-24 17:58:52,17580
2025-05-24 17:58:55,17580
2025-05-24 17:58:58,17580
2025-05-24 17:59:01,17590
2025-05-24 17:59:04,17590
2025-05-24 17:59:07,17590
2025-05-24 17:59:10,17590
2025-05-24 17:59:13,17590
2025-05-24 17:59:16,17590
2025-05-24 17:59:19,17590
2025-05-24 17:59:22,17590
2025-05-24 17:59:25,17590
2025-05-24 17:59:28,17590
2025-05-24 17:59:31,17590
2025-05-24 17:59:34,17590
2025-05-24 17:59:37,17590
2025-05-24 17:59:40,17590
2025-05-24 17:59:43,17590
2025-05-24 17:59:46,17590
2025-05-24 17:59:49,17590
2025-05-24 17:59:52,17590
2025-05-24 17:59:55,17590
2025-05-24 17:59:58,17590
2025-05-24 18:00:01,17000
2025-05-24 18:00:04,17000
2025-05-24 18:00:07,17000
2025-05-24 18:00:10,17000
2025-05-24 18:00:13,17000
2025-05-24 18:00:16,17000
2025-05-24 18:00:19,17000
2025-05-24 18:00:22,17000
2025-05-24 18:00:25,17000
2025-05-24 18:00:28,17000
2025-05-24 18:00:31,17000
2025-05-24 18:00:34,17000
2025-05-24 18:00:37,17000
2025-05-24 18:00:40,17000
2025-05-24 18:00:43,17000
2025-05-24 18:00:46,17000
2025-05-24 18:00:49,17000
2025-05-24 18:00:52,17000
2025-05-24 18:00:55,17000
2025-05-24 18:00:58,17000
2025-05-24 18:01:01,17010
2025-05-24 18:01:04,17010
2025-05-24 18:01:07,17010
2025-05-24 18:01:10,17010
2025-05-24 18:01:13,17010
2025-05-24 18:01:16,17010
2025-05-24 18:01:19,17010
2025-05-24 18:01:22,17010
2025-05-24 18:01:25,17010
2025-05-24 18:01:28,17010
2025-05-24 18:01:31,17010
2025-05-24 18:01:34,17010
2025-05-24 18:01:37,17010
2025-05-24 18:01:40,17010
2025-05-24 18:01:43,17010
2025-05-24 18:01:46,17010
2025-05-24 18:01:49,17010
2025-05-24 18:01:52,17010
2025-05-24 18:01:55,17010
2025-05-24 18:01:58,17010
2025-05-24 18:02:01,17020
2025-05-24 18:02:04,17020
2025-05-24 18:02:07,17020
2025-05-24 18:02:10,17020
2025-05-24 18:02:13,17020
2025-05-24 18:02:16,17020
2025-05-24 18:02:19,17020
2025-05-24 18:02:22,17020
2025-05-24 18:02:25,17020
2025-05-24 18:02:28,17020
2025-05-24 18:02:31,17020
2025-05-24 18:02:34,17020
2025-05-24 18:02:37,17020
2025-05-24 18:02:40,17020
2025-05-24 18:02:43,17020
2025-05-24 18:02:46,17020
2025-05-24 18:02:49,17020
2025-05-24 18:02:52,17020
2025-05-24 18:02:55,17020
2025-05-24 18:02:58,17020
2025-05-24 18:03:01,17030
2025-05-24 18:03:04,17030
2025-05-24 18:03:07,17030
2025-05-24 18:03:10,17030
2025-05-24 18:03:13,17030
2025-05-24 18:03:16,17030
2025-05-24 18:03:19,17030
2025-05-24 18:03:22,17030
2025-05-24 18:03:25,17030
2025-05-24 18:03:28,17030
2025-05-24 18:03:31,17030
2025-05-24 18:03:34,17030
2025-05-24 18:03:37,17030
2025-05-24 18:03:40,17030
2025-05-24 18:03:43,17030
2025-05-24 18:03:46,17030
2025-05-24 18:03:49,17030
2025-05-24 18:03:52,17030
2025-05-24 18:03:55,17030
2025-05-24 18:03:58,17030
2025-05-24 18:04:01,17040
2025-05-24 18:04:04,17040
2025-05-24 18:04:07,17040
2025-05-24 18:04:10,17040
2025-05-24 18:04:13,17040
2025-05-24 18:04:16,17040
2025-05-24 18:04:19,17040
2025-05-24 18:04:22,17040
2025-05-24 18:04:25,17040
2025-05-24 18:04:28,17040
2025-05-24 18:04:31,17040
2025-05-24 18:04:34,17040
2025-05-24 18:04:37,17040
2025-05-24 18:04:40,17040
2025-05-24 18:04:43,17040
2025-05-24 18:04:46,17040
2025-05-24 18:04:49,17040
2025-05-24 18:04:52,17040
2025-05-24 18:04:55,17040
2025-05-24 18:04:58,17040
2025-05-24 18:05:01,17050
2025-05-24 18:05:04,17050
2025-05-24 18:05:07,17050
2025-05-24 18:05:10,17050
2025-05-24 18:05:13,17050
2025-05-24 18:05:16,17050
2025-05-24 18:05:19,17050
2025-05-24 18:05:22,17050
2025-05-24 18:05:25,17050
2025-05-24 18:05:28,17050
2025-05-24 18:05:31,17050
2025-05-24 18:05:34,17050
2025-05-24 18:05:37,17050
2025-05-24 18:05:40,17050
2025-05-24 18:05:43,17050
2025-05-24 18:05:46,17050
2025-05-24 18:05:49,17050
2025-05-24 18:05:52,17050
2025-05-24 18:05:55,17050
2025-05-24 18:05:58,17050
2025-05-24 18:06:01,17060
2025-05-24 18:06:04,17060
2025-05-24 18:06:07,17060
2025-05-24 18:06:10,17060
2025-05-24 18:06:13,17060
2025-05-24 18:06:16,17060
2025-05-24 18:06:19,17060
2025-05-24 18:06:22,17060
2025-05-24 18:06:25,17060
2025-05-24 18:06:28,17060
2025-05-24 18:06:31,17060
2025-05-24 18:06:34,17060
2025-05-24 18:06:37,17060
2025-05-24 18:06:40,17060
2025-05-24 18:06:43,17060
2025-05-24 18:06:46,17060
2025-05-24 18:06:49,17060
2025-05-24 18:06:52,17060
2025-05-24 18:06:55,17060
2025-05-24 18:06:58,17060
2025-05-24 18:07:01,17070
2025-05-24 18:07:04,17070
2025-05-24 18:07:07,17070
2025-05-24 18:07:10,17070
2025-05-24 18:07:13,17070
2025-05-24 18:07:16,17070
2025-05-24 18:07:19,17070
2025-05-24 18:07:22,17070
2025-05-24 18:07:25,17070
2025-05-24 18:07:28,17070
2025-05-24 18:07:31,17070
2025-05-24 18:07:34,17070
2025-05-24 18:07:37,17070
2025-05-24 18:07:40,17070
2025-05-24 18:07:43,17070
2025-05-24 18:07:46,17070
2025-05-24 18:07:49,17070
2025-05-24 18:07:52,17070
2025-05-24 18:07:55,17070
2025-05-24 18:07:58,17070
2025-05-24 18:08:01,17080
2025-05-24 18:08:04,17080
2025-05-24 18:08:07,17080
2025-05-24 18:08:10,17080
2025-05-24 18:08:13,17080
2025-05-24 18:08:16,17080
2025-05-24 18:08:19,17080
2025-05-24 18:08:22,17080
2025-05-24 18:08:25,17080
2025-05-24 18:08:28,17080
2025-05-24 18:08:31,17080
2025-05-24 18:08:34,17080
2025-05-24 18:08:37,17080
2025-05-24 18:08:40,17080
2025-05-24 18:08:43,17080
2025-05-24 18:08:46,17080
2025-05-24 18:08:49,17080
2025-05-24 18:08:52,17080
2025-05-24 18:08:55,17080
2025-05-24 18:08:58,17080
2025-05-24 18:09:01,17090
2025-05-24 18:09:04,17090
2025-05-24 18:09:07,17090
2025-05-24 18:09:10,17090
2025-05-24 18:09:13,17090
2025-05-24 18:09:16,17090
2025-05-24 18:09:19,17090
2025-05-24 18:09:22,17090
2025-05-24 18:09:25,17090
2025-05-24 18:09:28,17090
2025-05-24 18:09:31,17090
2025-05-24 18:09:34,17090
2025-05-24 18:09:37,17090
2025-05-24 18:09:40,17090
2025-05-24 18:09:43,17090
2025-05-24 18:09:46,17090
2025-05-24 18:09:49,17090
2025-05-24 18:09:52,17090
2025-05-24 18:09:55,17090
2025-05-24 18:09:58,17090
2025-05-24 18:10:01,17100
2025-05-24 18:10:04,17100
2025-05-24 18:10:07,17100
2025-05-24 18:10:10,17100
2025-05-24 18:10:13,17100
2025-05-24 18:10:16,17100
2025-05-24 18:10:19,17100
2025-05-24 18:10:22,17100
2025-05-24 18:10:25,17100
2025-05-24 18:10:28,17100
2025-05-24 18:10:31,17100
2025-05-24 18:10:34,17100
2025-05-24 18:10:37,17100
2025-05-24 18:10:40,17100
2025-05-24 18:10:43,17100
2025-05-24 18:10:46,17100
2025-05-24 18:10:49,17100
2025-05-24 18:10:52,17100
2025-05-24 18:10:55,17100
2025-05-24 18:10:58,17100
2025-05-24 18:11:01,17110
2025-05-24 18:11:04,17110
2025-05-24 18:11:07,17110
2025-05-24 18:11:10,17110
2025-05-24 18:11:13,17110
2025-05-24 18:11:16,17110
2025-05-24 18:11:19,17110
2025-05-24 18:11:22,17110
2025-05-24 18:11:25,17110
2025-05-24 18:11:28,17110
2025-05-24 18:11:31,17110
2025-05-24 18:11:34,17110
2025-05-24 18:11:37,17110
2025-05-24 18:11:40,17110
2025-05-24 18:11:43,17110
2025-05-24 18:11:46,17110
2025-05-24 18:11:49,17110
2025-05-24 18:11:52,17110
2025-05-24 18:11:55,17110
2025-05-24 18:11:58,17110
2025-05-24 18:12:01,17120
2025-05-24 18:12:04,17120
2025-05-24 18:12:07,17120
2025-05-24 18:12:10,17120
2025-05-24 18:12:13,17120
2025-05-24 18:12:16,17120
2025-05-24 18:12:19,17120
2025-05-24 18:12:22,17120
2025-05-24 18:12:25,17120
2025-05-24 18:12:28,17120
2025-05-24 18:12:31,17120
2025-05-24 18:12:34,17120
2025-05-24 18:12:37,17120
2025-05-24 18:12:40,17120
2025-05-24 18:12:43,17120
2025-05-24 18:12:46,17120
2025-05-24 18:12:49,17120
2025-05-24 18:12:52,17120
2025-05-24 18:12:55,17120
2025-05-24 18:12:58,17120
2025-05-24 18:13:01,17130
2025-05-24 18:13:04,17130
2025-05-24 18:13:07,17130
2025-05-24 18:13:10,17130
2025-05-24 18:13:13,17130
2025-05-24 18:13:16,17130
2025-05-24 18:13:19,17130
2025-05-24 18:13:22,17130
2025-05-24 18:13:25,17130
2025-05-24 18:13:28,17130
2025-05-24 18:13:31,17130
2025-05-24 18:13:34,17130
2025-05-24 18:13:37,17130
2025-05-24 18:13:40,17130
2025-05-24 18:13:43,17130
2025-05-24 18:13:46,17130
2025-05-24 18:13:49,17130
2025-05-24 18:13:52,17130
2025-05-24 18:13:55,17130
2025-05-24 18:13:58,17130
2025-05-24 18:14:01,17140
2025-05-24 18:14:04,17140
2025-05-24 18:14:07,17140
2025-05-24 18:14:10,17140
2025-05-24 18:14:13,17140
2025-05-24 18:14:16,17140
2025-05-24 18:14:19,17140
2025-05-24 18:14:22,17140
2025-05-24 18:14:25,17140
2025-05-24 18:14:28,17140
2025-05-24 18:14:31,17140
2025-05-24 18:14:34,17140
2025-05-24 18:14:37,17140
2025-05-24 18:14:40,17140
2025-05-24 18:14:43,17140
2025-05-24 18:14:46,17140
2025-05-24 18:14:49,17140
2025-05-24 18:14:52,17140
2025-05-24 18:14:55,17140
2025-05-24 18:14:58,17140
2025-05-24 18:15:01,17150
2025-05-24 18:15:04,17150
2025-05-24 18:15:07,17150
2025-05-24 18:15:10,17150
2025-05-24 18:15:13,17150
2025-05-24 18:15:16,17150
2025-05-24 18:15:19,17150
2025-05-24 18:15:22,17150
2025-05-24 18:15:25,17150
2025-05-24 18:15:28,17150
2025-05-24 18:15:31,17150
2025-05-24 18:15:34,17150
2025-05-24 18:15:37,17150
2025-05-24 18:15:40,17150
2025-05-24 18:15:43,17150
2025-05-24 18:15:46,17150
2025-05-24 18:15:49,17150
2025-05-24 18:15:52,17150
2025-05-24 18:15:55,17150
2025-05-24 18:15:58,17150
2025-05-24 18:16:01,17160
2025-05-24 18:16:04,17160
2025-05-24 18:16:07,17160
2025-05-24 18:16:10,17160
2025-05-24 18:16:13,17160
2025-05-24 18:16:16,17160
2025-05-24 18:16:19,17160
2025-05-24 18:16:22,17160
2025-05-24 18:16:25,17160
2025-05-24 18:16:28,17160
2025-05-24 18:16:31,17160
2025-05-24 18:16:34,17160
2025-05-24 18:16:37,17160
2025-05-24 18:16:40,17160
2025-05-24 18:16:43,17160
2025-05-24 18:16:46,17160
2025-05-24 18:16:49,17160
2025-05-24 18:16:52,17160
2025-05-24 18:16:55,17160
2025-05-24 18:16:58,17160
2025-05-24 18:17:01,17170
2025-05-24 18:17:04,17170
2025-05-24 18:17:07,17170
2025-05-24 18:17:10,17170
2025-05-24 18:17:13,17170
2025-05-24 18:17:16,17170
2025-05-24 18:17:19,17170
2025-05-24 18:17:22,17170
2025-05-24 18:17:25,17170
2025-05-24 18:17:28,17170
2025-05-24 18:17:31,17170
2025-05-24 18:17:34,17170
2025-05-24 18:17:37,17170
2025-05-24 18:17:40,17170
2025-05-24 18:17:43,17170
2025-05-24 18:17:46,17170
2025-05-24 18:17:49,17170
2025-05-24 18:17:52,17170
2025-05-24 18:17:55,17170
2025-05-24 18:17:58,17170
2025-05-24 18:18:01,17180
2025-05-24 18:18:04,17180
2025-05-24 18:18:07,17180
2025-05-24 18:18:10,17180
2025-05-24 18:18:13,17180
2025-05-24 18:18:16,17180
2025-05-24 18:18:19,17180
2025-05-24 18:18:22,17180
2025-05-24 18:18:25,17180
2025-05-24 18:18:28,17180
2025-05-24 18:18:31,17180
2025-05-24 18:18:34,17180
2025-05-24 18:18:37,17180
2025-05-24 18:18:40,17180
2025-05-24 18:18:43,17180
2025-05-24 18:18:46,17180
2025-05-24 18:18:49,17180
2025-05-24 18:18:52,17180
2025-05-24 18:18:55,17180
2025-05-24 18:18:58,17180
2025-05-24 18:19:01,17190
2025-05-24 18:19:04,17190
2025-05-24 18:19:07,17190
2025-05-24 18:19:10,17190
2025-05-24 18:19:13,17190
2025-05-24 18:19:16,17190
2025-05-24 18:19:19,17190
2025-05-24 18:19:22,17190
2025-05-24 18:19:25,17190
2025-05-24 18:19:28,17190
2025-05-24 18:19:31,17190
2025-05-24 18:19:34,17190
2025-05-24 18:19:37,17190
2025-05-24 18:19:40,17190
2025-05-24 18:19:43,17190
2025-05-24 18:19:46,17190
2025-05-24 18:19:49,17190
2025-05-24 18:19:52,17190
2025-05-24 18:19:55,17190
2025-05-24 18:19:58,17190
2025-05-24 18:20:01,17200
2025-05-24 18:20:04,17200
2025-05-24 18:20:07,17200
2025-05-24 18:20:10,17200
2025-05-24 18:20:13,17200
2025-05-24 18:20:16,17200
2025-05-24 18:20:19,17200
2025-05-24 18:20:22,17200
2025-05-24 18:20:25,17200
2025-05-24 18:20:28,17200
2025-05-24 18:20:31,17200
2025-05-24 18:20:34,17200
2025-05-24 18:20:37,17200
2025-05-24 18:20:40,17200
2025-05-24 18:20:43,17200
2025-05-24 18:20:46,17200
2025-05-24 18:20:49,17200
2025-05-24 18:20:52,17200
2025-05-24 18:20:55,17200
2025-05-24 18:20:58,17200
2025-05-24 18:21:01,17210
2025-05-24 18:21:04,17210
2025-05-24 18:21:07,17210
2025-05-24 18:21:10,17210
2025-05-24 18:21:13,17210
2025-05-24 18:21:16,17210
2025-05-24 18:21:19,17210
2025-05-24 18:21:22,17210
2025-05-24 18:21:25,17210
2025-05-24 18:21:28,17210
2025-05-24 18:21:31,17210
